editor	affiliation	orcid	role	journal	issn	publisher	url	date
Ishag Adam	Unaizah College of Medicine and Medical Sciences, Qassim University Kingdom of Saudi Arabia	0000-0002-3354-4317	Section Editor	PLOS ONE	1932-6203	PLOS	https://journals.plos.org/plosone/s/section-editors	2022-01-18
Juan Antonio Añel 	Universidade de Vigo and University of Oxford Spain and United Kingdom	0000-0002-3354-4317	Section Editor	PLOS ONE	1932-6203	PLOS	https://journals.plos.org/plosone/s/section-editors	2022-01-18
Shah Md Atiqul Haq	Department of Sociology, Shahjalal University of Science and Technology, Sylhet Bangladesh	0000-0002-3354-4317	Section Editor	PLOS ONE	1932-6203	PLOS	https://journals.plos.org/plosone/s/section-editors	2022-01-18
Vipul Bansal	Ian Potter NanoBioSensing Facility, NanoBiotechnology Research Laboratory, and RMIT University Australia	0000-0002-3354-4317	Section Editor	PLOS ONE	1932-6203	PLOS	https://journals.plos.org/plosone/s/section-editors	2022-01-18
Baruch Barzel	Bar-Ilan University Israel	0000-0002-3354-4317	Section Editor	PLOS ONE	1932-6203	PLOS	https://journals.plos.org/plosone/s/section-editors	2022-01-18
Vladimir Brusic	Dana-Farber Cancer Institute and Boston University United States	0000-0002-3354-4317	Section Editor	PLOS ONE	1932-6203	PLOS	https://journals.plos.org/plosone/s/section-editors	2022-01-18
Emmanuel A. Burdmann	University of São Paulo Medical School Brazil	0000-0002-3354-4317	Section Editor	PLOS ONE	1932-6203	PLOS	https://journals.plos.org/plosone/s/section-editors	2022-01-18
Johnson Chun-Sing Cheung	The University of Hong Kong Hong Kong	0000-0002-3354-4317	Section Editor	PLOS ONE	1932-6203	PLOS	https://journals.plos.org/plosone/s/section-editors	2022-01-18
Mark Cookson	National Institutes of Health United States	0000-0002-3354-4317	Section Editor	PLOS ONE	1932-6203	PLOS	https://journals.plos.org/plosone/s/section-editors	2022-01-18
Lee Cooper	NA	0000-0002-3354-4317	Section Editor	PLOS ONE	1932-6203	PLOS	https://journals.plos.org/plosone/s/section-editors	2022-01-18
Nils Cordes	Dresden University of Technology and OncoRay - National Center for Radiation Research in Oncology Germany	0000-0002-3354-4317	Section Editor	PLOS ONE	1932-6203	PLOS	https://journals.plos.org/plosone/s/section-editors	2022-01-18
Angelo Brandelli Costa	Pontificia Universidade Catolica do Rio Grande do Sul Brazil	0000-0002-3354-4317	Section Editor	PLOS ONE	1932-6203	PLOS	https://journals.plos.org/plosone/s/section-editors	2022-01-18
Emanuele Dalla Torre	Bar-Ilan University Israel	0000-0002-3354-4317	Section Editor	PLOS ONE	1932-6203	PLOS	https://journals.plos.org/plosone/s/section-editors	2022-01-18
Gemma Elizabeth Derrick	Brunel University United Kingdom	0000-0002-3354-4317	Section Editor	PLOS ONE	1932-6203	PLOS	https://journals.plos.org/plosone/s/section-editors	2022-01-18
Oliver Eickelberg	Comprehensive Pneumology Center and Institute of Lung Biology and Disease at Helmholtz Zentrum München, German Center for Lung Research, Ludwig Maximilian University of Munich  Germany	0000-0002-3354-4317	Section Editor	PLOS ONE	1932-6203	PLOS	https://journals.plos.org/plosone/s/section-editors	2022-01-18
Hany A. El-Shemy	Cairo University Egypt	0000-0002-3354-4317	Section Editor	PLOS ONE	1932-6203	PLOS	https://journals.plos.org/plosone/s/section-editors	2022-01-18
Michael Ernst-Heinrich Fassbender	Los Alamos National Laboratory United States	0000-0002-3354-4317	Section Editor	PLOS ONE	1932-6203	PLOS	https://journals.plos.org/plosone/s/section-editors	2022-01-18
Anthony R. Fiorillo	https://Southern Methodist University, Institute for the Study of Earth and Man United States	0000-0002-3354-4317	Section Editor	PLOS ONE	1932-6203	PLOS	https://journals.plos.org/plosone/s/section-editors	2022-01-18
Ivan Florez	University of Antioquia/ McMaster University Colombia	0000-0002-3354-4317	Section Editor	PLOS ONE	1932-6203	PLOS	https://journals.plos.org/plosone/s/section-editors	2022-01-18
Ferenc Gallyas Jr.	University of Pécs Medical School Hungary	0000-0002-3354-4317	Section Editor	PLOS ONE	1932-6203	PLOS	https://journals.plos.org/plosone/s/section-editors	2022-01-18
Maria Ganczak	University of Zielona Gora Poland	0000-0002-3354-4317	Section Editor	PLOS ONE	1932-6203	PLOS	https://journals.plos.org/plosone/s/section-editors	2022-01-18
Stephen D. Ginsberg	Nathan Kline Institute and New York University United States	0000-0002-3354-4317	Section Editor	PLOS ONE	1932-6203	PLOS	https://journals.plos.org/plosone/s/section-editors	2022-01-18
Lise Lotte Gluud 	Hvidovre Hospital Denmark	0000-0002-3354-4317	Section Editor	PLOS ONE	1932-6203	PLOS	https://journals.plos.org/plosone/s/section-editors	2022-01-18
Quanquan Gu	University of California, Los Angeles United States	0000-0002-3354-4317	Section Editor	PLOS ONE	1932-6203	PLOS	https://journals.plos.org/plosone/s/section-editors	2022-01-18
Kenji Hashimoto	Chiba University Japan	0000-0002-3354-4317	Section Editor	PLOS ONE	1932-6203	PLOS	https://journals.plos.org/plosone/s/section-editors	2022-01-18
Seyed Ehtesham Hasnain	Indian Institute of Technology, Delhi; and Sharda University, Greater Noida India	0000-0002-3354-4317	Section Editor	PLOS ONE	1932-6203	PLOS	https://journals.plos.org/plosone/s/section-editors	2022-01-18
Joshua L. Heazlewood	The University of Melbourne Australia	0000-0002-3354-4317	Section Editor	PLOS ONE	1932-6203	PLOS	https://journals.plos.org/plosone/s/section-editors	2022-01-18
Berthold Heinze	Austrian Federal Research Centre for Forests BFW Austria	0000-0002-3354-4317	Section Editor	PLOS ONE	1932-6203	PLOS	https://journals.plos.org/plosone/s/section-editors	2022-01-18
Jörg D. Hoheisel	Deutsches Krebsforschungszentrum Germany	0000-0002-3354-4317	Section Editor	PLOS ONE	1932-6203	PLOS	https://journals.plos.org/plosone/s/section-editors	2022-01-18
Jayani Jayawardhana	University of Georgia United States	0000-0002-3354-4317	Section Editor	PLOS ONE	1932-6203	PLOS	https://journals.plos.org/plosone/s/section-editors	2022-01-18
Christopher James Johnson	USGS National Wildlife Health Center United States	0000-0002-3354-4317	Section Editor	PLOS ONE	1932-6203	PLOS	https://journals.plos.org/plosone/s/section-editors	2022-01-18
Andrew H. Kemp	Swansea University  United Kingdom	0000-0002-3354-4317	Section Editor	PLOS ONE	1932-6203	PLOS	https://journals.plos.org/plosone/s/section-editors	2022-01-18
Anthony Pak-Hin Kong	University of Hong Kong Hong Kong	0000-0002-3354-4317	Section Editor	PLOS ONE	1932-6203	PLOS	https://journals.plos.org/plosone/s/section-editors	2022-01-18
Jung Eun Lee	Seoul National University Republic of Korea	0000-0002-3354-4317	Section Editor	PLOS ONE	1932-6203	PLOS	https://journals.plos.org/plosone/s/section-editors	2022-01-18
Alfred S. Lewin	University of Florida United States	0000-0002-3354-4317	Section Editor	PLOS ONE	1932-6203	PLOS	https://journals.plos.org/plosone/s/section-editors	2022-01-18
Vanesa Magar	Centro de Investigacion Cientifica y de Educacion Superior de Ensenada Mexico	0000-0002-3354-4317	Section Editor	PLOS ONE	1932-6203	PLOS	https://journals.plos.org/plosone/s/section-editors	2022-01-18
Pirjo Mäkelä	University of Helsinki Finland	0000-0002-3354-4317	Section Editor	PLOS ONE	1932-6203	PLOS	https://journals.plos.org/plosone/s/section-editors	2022-01-18
Mercedes Susan Mandell	University of Colorado United States	0000-0002-3354-4317	Section Editor	PLOS ONE	1932-6203	PLOS	https://journals.plos.org/plosone/s/section-editors	2022-01-18
Richard Mankin	USDA ARS Center for Medical, Agricultural, and Veterinary Entomology United States	0000-0002-3354-4317	Section Editor	PLOS ONE	1932-6203	PLOS	https://journals.plos.org/plosone/s/section-editors	2022-01-18
Limin Mao	NA	0000-0002-3354-4317	Section Editor	PLOS ONE	1932-6203	PLOS	https://journals.plos.org/plosone/s/section-editors	2022-01-18
Adina Merenlender	University of California, Berkeley United States	0000-0002-3354-4317	Section Editor	PLOS ONE	1932-6203	PLOS	https://journals.plos.org/plosone/s/section-editors	2022-01-18
Claudia Mettke-Hoffmann	Liverpool John Moores University United Kingdom	0000-0002-3354-4317	Section Editor	PLOS ONE	1932-6203	PLOS	https://journals.plos.org/plosone/s/section-editors	2022-01-18
José M. Morán	NA	0000-0002-3354-4317	Section Editor	PLOS ONE	1932-6203	PLOS	https://journals.plos.org/plosone/s/section-editors	2022-01-18
Partha Mukhopadhyay	National Institutes of Health United States	0000-0002-3354-4317	Section Editor	PLOS ONE	1932-6203	PLOS	https://journals.plos.org/plosone/s/section-editors	2022-01-18
Hiranya K. Nath	Sam Houston State University United States	0000-0002-3354-4317	Section Editor	PLOS ONE	1932-6203	PLOS	https://journals.plos.org/plosone/s/section-editors	2022-01-18
Ju Lee Oei	Royal Hospital for Women and the University of New South Wales Randwick	0000-0002-3354-4317	Section Editor	PLOS ONE	1932-6203	PLOS	https://journals.plos.org/plosone/s/section-editors	2022-01-18
Olivier Neyrolles	Institute of Pharmacology & Structural Biology, CNRS at University of Toulouse France	0000-0002-3354-4317	Section Editor	PLOS ONE	1932-6203	PLOS	https://journals.plos.org/plosone/s/section-editors	2022-01-18
Joseph P.R.O. Orgel	Illinois Institute of Technology United States	0000-0002-3354-4317	Section Editor	PLOS ONE	1932-6203	PLOS	https://journals.plos.org/plosone/s/section-editors	2022-01-18
Alexander Panfilov	Universiteit Gent Belgium	0000-0002-3354-4317	Section Editor	PLOS ONE	1932-6203	PLOS	https://journals.plos.org/plosone/s/section-editors	2022-01-18
Wayne A. Phillips	Peter MacCallum Cancer Centre Australia	0000-0002-3354-4317	Section Editor	PLOS ONE	1932-6203	PLOS	https://journals.plos.org/plosone/s/section-editors	2022-01-18
Cheryl S. Rosenfeld	University of Missouri Columbia United States	0000-0002-3354-4317	Section Editor	PLOS ONE	1932-6203	PLOS	https://journals.plos.org/plosone/s/section-editors	2022-01-18
Luis Schang	University of Alberta Canada	0000-0002-3354-4317	Section Editor	PLOS ONE	1932-6203	PLOS	https://journals.plos.org/plosone/s/section-editors	2022-01-18
Christian Schönbach	RIKEN Yokohama Institute Japan	0000-0002-3354-4317	Section Editor	PLOS ONE	1932-6203	PLOS	https://journals.plos.org/plosone/s/section-editors	2022-01-18
Guy J-P. Schumann	University of Bristol and Remote Sensing Solutions Inc. United Kingdom and United States	0000-0002-3354-4317	Section Editor	PLOS ONE	1932-6203	PLOS	https://journals.plos.org/plosone/s/section-editors	2022-01-18
Debjani Sihi	Emory University United States	0000-0002-3354-4317	Section Editor	PLOS ONE	1932-6203	PLOS	https://journals.plos.org/plosone/s/section-editors	2022-01-18
Neil R. Smalheiser	University of Illinois-Chicago United States	0000-0002-3354-4317	Section Editor	PLOS ONE	1932-6203	PLOS	https://journals.plos.org/plosone/s/section-editors	2022-01-18
Michael B. Steinborn	Julius-Maximilians-Universität Würzburg United States	0000-0002-3354-4317	Section Editor	PLOS ONE	1932-6203	PLOS	https://journals.plos.org/plosone/s/section-editors	2022-01-18
Gloria Su	Columbia University United States	0000-0002-3354-4317	Section Editor	PLOS ONE	1932-6203	PLOS	https://journals.plos.org/plosone/s/section-editors	2022-01-18
Hirokazu Taniguchi	Shimonoseki City University Japan	0000-0002-3354-4317	Section Editor	PLOS ONE	1932-6203	PLOS	https://journals.plos.org/plosone/s/section-editors	2022-01-18
Christian Taube	Leiden University Netherlands	0000-0002-3354-4317	Section Editor	PLOS ONE	1932-6203	PLOS	https://journals.plos.org/plosone/s/section-editors	2022-01-18
Kok Keng Tee	University of Malaya Malaysia	0000-0002-3354-4317	Section Editor	PLOS ONE	1932-6203	PLOS	https://journals.plos.org/plosone/s/section-editors	2022-01-18
Praveen Thumbikat	Northwestern University United States	0000-0002-3354-4317	Section Editor	PLOS ONE	1932-6203	PLOS	https://journals.plos.org/plosone/s/section-editors	2022-01-18
Rochelle Tractenberg	Georgetown University United States	0000-0002-3354-4317	Section Editor	PLOS ONE	1932-6203	PLOS	https://journals.plos.org/plosone/s/section-editors	2022-01-18
J Trinidad Segovia	University of Almeria Spain	0000-0002-3354-4317	Section Editor	PLOS ONE	1932-6203	PLOS	https://journals.plos.org/plosone/s/section-editors	2022-01-18
Sten H. Vermund	Vanderbilt University United States	0000-0002-3354-4317	Section Editor	PLOS ONE	1932-6203	PLOS	https://journals.plos.org/plosone/s/section-editors	2022-01-18
Edison Iglesias de Oliveira Vidal	São Paulo State University (UNESP) Brazil	0000-0002-3354-4317	Section Editor	PLOS ONE	1932-6203	PLOS	https://journals.plos.org/plosone/s/section-editors	2022-01-18
 I-Jong Wang	National Taiwan University Hospital  Taiwan	0000-0002-3354-4317	Section Editor	PLOS ONE	1932-6203	PLOS	https://journals.plos.org/plosone/s/section-editors	2022-01-18
Gayle E. Woloschak	Northwestern University United States	0000-0002-3354-4317	Section Editor	PLOS ONE	1932-6203	PLOS	https://journals.plos.org/plosone/s/section-editors	2022-01-18
Shin Yamazaki	University of Texas Southwestern Medical Center United States	0000-0002-3354-4317	Section Editor	PLOS ONE	1932-6203	PLOS	https://journals.plos.org/plosone/s/section-editors	2022-01-18
Mingming Zhou	University of Macau Macau	0000-0002-3354-4317	Section Editor	PLOS ONE	1932-6203	PLOS	https://journals.plos.org/plosone/s/section-editors	2022-01-18
