"","journal","url","publisher","date"
"1","Advanced Techniques in Clinical Microbiology","https://www.imedpub.com/advanced-techniques-in-clinical-microbiology/","iMedPub","2021-01-31"
"2","Advances in Applied Science Research","https://www.imedpub.com/advances-in-applied-science-research/","iMedPub","2021-01-31"
"3","American Journal of Advanced Drug Delivery","https://www.imedpub.com/advanced-drug-delivery/","iMedPub","2021-01-31"
"4","American Journal of Computer Science and Engineering Survey","https://www.imedpub.com/computer-science-and-engineering-survey/","iMedPub","2021-01-31"
"5","American Journal of Computer Science and Information Technology","https://www.imedpub.com/computer-science-and-information-technology/","iMedPub","2021-01-31"
"6","American Journal of Drug Delivery and Therapeutics","https://www.imedpub.com/drug-delivery-and-therapeutics/","iMedPub","2021-01-31"
"7","American Journal of Ethnomedicine","https://www.imedpub.com/ethnomedicine/","iMedPub","2021-01-31"
"8","American Journal of Pharmacology and Pharmacotherapeutics","https://www.imedpub.com/pharmacology-and-pharmacotherapeutics/","iMedPub","2021-01-31"
"9","American Journal of Phytomedicine and Clinical Therapeutics","https://www.imedpub.com/phytomedicine-and-clinical-therapeutics/","iMedPub","2021-01-31"
"10","Annals of Biological Sciences","https://www.imedpub.com/annals-of-biological-sciences/","iMedPub","2021-01-31"
"11","Annals of Clinical Nephrology","https://www.imedpub.com/annals-of-clinical-nephrology/","iMedPub","2021-01-31"
"12","Archives in Chemical Research","https://www.imedpub.com/archives-in-chemical-research/","iMedPub","2021-01-31"
"13","Archives in Chemistry","https://www.imedpub.com/archives-in-chemistry/","iMedPub","2021-01-31"
"14","Asian Journal of Plant Science & Research","https://www.imedpub.com/asian-journal-of-plant-science-research/","iMedPub","2021-01-31"
"15","Journal of Addictive Behaviors and Therapy","https://www.imedpub.com/addictive-behaviors-and-therapy/","iMedPub","2021-01-31"
"16","Journal of Adenocarcinoma & Osteosarcoma","https://adenocarcinoma.imedpub.com/","iMedPub","2021-01-31"
"17","Journal of Anatomical Science and Research","https://www.imedpub.com/journal-anatomical-science-research/","iMedPub","2021-01-31"
"18","Journal of Animal Research and Nutrition","https://animalnutrition.imedpub.com/","iMedPub","2021-01-31"
"19","Journal of Animal Sciences and Livestock Production","https://www.imedpub.com/animal-sciences-and-livestock-production/","iMedPub","2021-01-31"
"20","Journal of Applied Microbiology and Biochemistry","https://www.imedpub.com/applied-microbiology-and-biochemistry/","iMedPub","2021-01-31"
"21","Journal of Aquatic Pollution and Toxicology","https://www.imedpub.com/aquatic-pollution-and-toxicology/","iMedPub","2021-01-31"
"22","Biochemistry & Molecular Biology Journal","https://biochem-molbio.imedpub.com/","iMedPub","2021-01-31"
"23","Biomarkers Journal","https://biomarkers.imedpub.com/","iMedPub","2021-01-31"
"24","British Journal of Research","https://www.imedpub.com/british-journal-of-research/","iMedPub","2021-01-31"
"25","Journal of Biomedical Sciences","https://www.jbiomeds.com/","iMedPub","2021-01-31"
"26","Cancer Biology and Therapeutic Oncology","https://www.imedpub.com/cancer-biology-and-therapeutic-oncology/","iMedPub","2021-01-31"
"27","Cardiovascular Investigations: Open Access","https://www.imedpub.com/cardiovascular-investigations-open-access/","iMedPub","2021-01-31"
"28","Cellular & Molecular Medicine: Open access","https://cellular-molecular-medicine.imedpub.com/","iMedPub","2021-01-31"
"29","Chemical Informatics","https://cheminformatics.imedpub.com/","iMedPub","2021-01-31"
"30","Chronic Obstructive Pulmonary Disease: Open Access","https://chronic-obstructive-pulmonary-disease.imedpub.com/","iMedPub","2021-01-31"
"31","Clinical Immunology and Infectious Diseases","https://www.imedpub.com/clinical-immunology-and-infectious-diseases/","iMedPub","2021-01-31"
"32","Clinical Pediatric Dermatology","https://clinical-pediatrics-dermatology.imedpub.com/","iMedPub","2021-01-31"
"33","Clinical Pharmacology & Toxicology Journal","https://www.imedpub.com/clinical-pharmacology-toxicology-journal/","iMedPub","2021-01-31"
"34","Clinical Psychiatry","https://clinical-psychiatry.imedpub.com/","iMedPub","2021-01-31"
"35","Colorectal Cancer: Open Access","https://colorectal-cancer.imedpub.com/","iMedPub","2021-01-31"
"36","Journal of Cancer Epidemiology and Prevention","https://www.imedpub.com/cancer-epidemiology-and-prevention/","iMedPub","2021-01-31"
"37","Journal of Childhood & Developmental Disorders","https://childhood-developmental-disorders.imedpub.com/","iMedPub","2021-01-31"
"38","Journal of Childhood Obesity","https://childhood-obesity.imedpub.com/","iMedPub","2021-01-31"
"39","Journal of Clinical & Experimental Nephrology","https://clinical-experimental-nephrology.imedpub.com/","iMedPub","2021-01-31"
"40","Journal of Clinical & Experimental Orthopaedics","https://orthopedics.imedpub.com/","iMedPub","2021-01-31"
"41","Journal of Clinical and Molecular Endocrinology","https://clinical-and-molecular-endocrinology.imedpub.com/","iMedPub","2021-01-31"
"42","Journal of Clinical and Molecular Pathology","https://www.imedpub.com/clinical-and-molecular-pathology/","iMedPub","2021-01-31"
"43","Journal of Clinical Developmental Biology","https://clinical-developmental-biology.imedpub.com/","iMedPub","2021-01-31"
"44","Journal of Clinical Epigenetics","https://clinical-epigenetics.imedpub.com/","iMedPub","2021-01-31"
"45","Journal of Clinical Gastroenterology and Hepatology","https://www.imedpub.com/clinical-gastroenterology-and-hepatology/","iMedPub","2021-01-31"
"46","Journal of Clinical Medicine and Therapeutics","https://www.imedpub.com/clinical-medicine-and-therapeutics/","iMedPub","2021-01-31"
"47","Journal of Clinical Nutrition & Dietetics","https://clinical-nutrition.imedpub.com/","iMedPub","2021-01-31"
"48","Dentistry and Craniofacial Research","https://www.imedpub.com/dentistry-and-craniofacial-research/","iMedPub","2021-01-31"
"49","Der Chemica Sinica","https://www.imedpub.com/der-chemica-sinica/","iMedPub","2021-01-31"
"50","Der Pharmacia Sinica","https://www.imedpub.com/der-pharmacia-sinica/","iMedPub","2021-01-31"
"51","Diversity & Equality in Health and Care","https://diversityhealthcare.imedpub.com/","iMedPub","2021-01-31"
"52","Dual Diagnosis: Open Access","https://dual-diagnosis.imedpub.com/","iMedPub","2021-01-31"
"53","Journal of Diabetes Research and Endocrinology","https://www.imedpub.com/diabetes-research-and-endocrinology/","iMedPub","2021-01-31"
"54","Journal of Drug Abuse","https://drugabuse.imedpub.com/","iMedPub","2021-01-31"
"55","Electronic Journal of Biology","https://ejbio.imedpub.com/","iMedPub","2021-01-31"
"56","Endocrinology and Metabolism: Open Access","https://www.imedpub.com/endocrinology-metabolism-open-access/","iMedPub","2021-01-31"
"57","Endocrinology Research and Metabolism","https://www.imedpub.com/endocrinology-research-and-metabolism/","iMedPub","2021-01-31"
"58","Environmental and Toxicology Studies Journal","https://www.imedpub.com/environmental-toxicology-studies-journal/","iMedPub","2021-01-31"
"59","European Journal of Experimental Biology","https://www.imedpub.com/european-journal-of-experimental-biology/","iMedPub","2021-01-31"
"60","Journal of Emergency and Internal Medicine","https://www.imedpub.com/emergency-and-internal-medicine/","iMedPub","2021-01-31"
"61","Journal of Emergency and Trauma Care","https://www.imedpub.com/emergency-and-trauma-care/","iMedPub","2021-01-31"
"62","Journal of Environmental Research","https://www.imedpub.com/journal-environmental-research/","iMedPub","2021-01-31"
"63","Journal of Eye & Cataract Surgery","https://eye-cataract-surgery.imedpub.com/","iMedPub","2021-01-31"
"64","Journal of FisheriesSciences.com","https://www.fisheriessciences.com/","iMedPub","2021-01-31"
"65","Journal of Food, Nutrition and Population Health","https://www.imedpub.com/food-nutrition-and-population-health/","iMedPub","2021-01-31"
"66","Global Environment, Health and Safety","https://www.imedpub.com/global-environment-health-and-safety/","iMedPub","2021-01-31"
"67","Global Journal of Research and Review","https://www.imedpub.com/global-journal-of-research-and-review/","iMedPub","2021-01-31"
"68","Gynecology & Obstetrics Case report","https://gynecology-obstetrics.imedpub.com/","iMedPub","2021-01-31"
"69","Head and Neck Cancer Research","https://head-and-neck-cancer-research.imedpub.com/","iMedPub","2021-01-31"
"70","Health Science Journal","https://www.hsj.gr/","iMedPub","2021-01-31"
"71","Health Systems and Policy Research","https://www.hsprj.com/","iMedPub","2021-01-31"
"72","Herbal Medicine: Open Access","https://herbal-medicine.imedpub.com/","iMedPub","2021-01-31"
"73","Journal of Health & Medical Economics","https://health-medical-economics.imedpub.com/","iMedPub","2021-01-31"
"74","Journal of Healthcare Communications","https://healthcare-communications.imedpub.com/","iMedPub","2021-01-31"
"75","Journal of Heart and Cardiovascular Research","https://www.imedpub.com/heart-and-cardiovascular-research/","iMedPub","2021-01-31"
"76","Journal of Hepatitis","https://hepatitis.imedpub.com/","iMedPub","2021-01-31"
"77","Journal of HIV & Retro Virus","https://hiv.imedpub.com/","iMedPub","2021-01-31"
"78","Journal of Hospital & Medical Management","https://hospital-medical-management.imedpub.com/","iMedPub","2021-01-31"
"79","Immunotherapy Research Journal","https://www.imedpub.com/immunotherapy-research-journal/","iMedPub","2021-01-31"
"80","Insights in Chest Diseases","https://insightsinchestdiseases.imedpub.com/","iMedPub","2021-01-31"
"81","Insights in Aquaculture and Biotechnology","https://www.imedpub.com/insights-in-aquaculture-and-biotechnology/","iMedPub","2021-01-31"
"82","Insights in Biomedicine","https://biomedicine.imedpub.com/","iMedPub","2021-01-31"
"83","Insights in Blood Pressure","https://blood-pressure.imedpub.com/","iMedPub","2021-01-31"
"84","Insights in Enzyme Research","https://www.imedpub.com/insights-in-enzyme-research/","iMedPub","2021-01-31"
"85","Insights in Ophthalmology","https://www.imedpub.com/insights-in-ophthalmology/","iMedPub","2021-01-31"
"86","Insights in Pediatric Cardiology","https://pediatric-cardiology.imedpub.com/","iMedPub","2021-01-31"
"87","Insights in Stem Cells","https://stemcells.imedpub.com/","iMedPub","2021-01-31"
"88","Integrative Journal of Global Health","https://www.imedpub.com/integrative-journal-of-global-health/","iMedPub","2021-01-31"
"89","International Journal of Applied Science - Research and Review","https://www.imedpub.com/applied-science-research-and-review/","iMedPub","2021-01-31"
"90","Interventional Cardiology Journal","https://interventional-cardiology.imedpub.com/","iMedPub","2021-01-31"
"91","Journal of Imaging and Interventional Radiology","https://interventional-radiology.imedpub.com/","iMedPub","2021-01-31"
"92","Journal of In Silico & In Vitro Pharmacology","https://pharmacology.imedpub.com/","iMedPub","2021-01-31"
"93","Journal of Infectious Diseases and Treatment","https://infectious-diseases-and-treatment.imedpub.com/","iMedPub","2021-01-31"
"94","Journal of Informatics and Data Mining","https://datamining.imedpub.com/","iMedPub","2021-01-31"
"95","Journal of Intensive and Critical Care","https://criticalcare.imedpub.com/","iMedPub","2021-01-31"
"96","JOP. Journal of the Pancreas","https://pancreas.imedpub.com/","iMedPub","2021-01-31"
"97","Journal of Bone Research and Reports","https://bone.imedpub.com/","iMedPub","2021-01-31"
"98","Journal of Clinical Immunology and Allergy","https://asthma-and-bronchitis.imedpub.com/","iMedPub","2021-01-31"
"99","Journal of Molecular Sciences","https://www.imedpub.com/journal-molecular-sciences/","iMedPub","2021-01-31"
"100","Journal of Headache & Pain Management","https://headache.imedpub.com/","iMedPub","2021-01-31"
"101","Journal of Medical Physics and Applied Sciences","https://medicalphysics.imedpub.com/","iMedPub","2021-01-31"
"102","Journal of Medical Research and Health Education","https://www.imedpub.com/medical-research-and-health-education/","iMedPub","2021-01-31"
"103","Journal of Medical Toxicology and Clinical Forensic Medicine","https://toxicology.imedpub.com/","iMedPub","2021-01-31"
"104","Journal of Molecular Biology and Biotechnology","https://www.imedpub.com/molecular-biology-and-biotechnology/","iMedPub","2021-01-31"
"105","Medical & Clinical Reviews","https://medical-clinical-reviews.imedpub.com/","iMedPub","2021-01-31"
"106","Medical Case Reports","https://medical-case-reports.imedpub.com/","iMedPub","2021-01-31"
"107","Medical Mycology: Open Access","https://mycology.imedpub.com/","iMedPub","2021-01-31"
"108","Molecular Enzymology and Drug Targets","https://www.medt.com.es/","iMedPub","2021-01-31"
"109","Insights in Neurosurgery","https://neurosurgery.imedpub.com/","iMedPub","2021-01-31"
"110","Journal of Nanoscience & Nanotechnology Research","https://www.imedpub.com/journal-nanoscience-nanotechnology-research/","iMedPub","2021-01-31"
"111","Journal of Neoplasm","https://neoplasm.imedpub.com/","iMedPub","2021-01-31"
"112","Journal of Nephrology and Urology","https://www.imedpub.com/journal-nephrology-urology/","iMedPub","2021-01-31"
"113","Journal of Neuro-Oncology and Neuroscience","https://j-neurooncology.imedpub.com/","iMedPub","2021-01-31"
"114","Journal of Neurology and Neuroscience","https://www.jneuro.com/","iMedPub","2021-01-31"
"115","Journal of Neuropsychiatry","https://neuropsychiatry.imedpub.com/","iMedPub","2021-01-31"
"116","Journal of Nursing and Health Studies","https://www.imedpub.com/nursing-and-health-studies/","iMedPub","2021-01-31"
"117","Journal of Nutraceuticals and Food Science","https://nutraceuticals.imedpub.com/","iMedPub","2021-01-31"
"118","Journal of Translational Neurosciences","https://translational-neuroscience.imedpub.com/","iMedPub","2021-01-31"
"119","Nano Research & Applications","https://nanotechnology.imedpub.com/","iMedPub","2021-01-31"
"120","Neurosciences & Brain Imaging","https://www.imedpub.com/neurosciences-brain-imaging/","iMedPub","2021-01-31"
"121","Journal of Obesity & Eating Disorders","https://obesity.imedpub.com/","iMedPub","2021-01-31"
"122","Journal of Organic & Inorganic Chemistry","https://organic-inorganic.imedpub.com/","iMedPub","2021-01-31"
"123","Journal of Orthodontics & Endodontics","https://orthodontics-endodontics.imedpub.com/","iMedPub","2021-01-31"
"124","Journal of MPE Molecular Pathological Epidemiology","https://molecular-pathological-epidemiology.imedpub.com/","iMedPub","2021-01-31"
"125","Journal of Pediatric Care","https://pediatrics.imedpub.com/","iMedPub","2021-01-31"
"126","Journal of Pharmaceutical Microbiology","https://pharmaceutical-microbiology.imedpub.com/","iMedPub","2021-01-31"
"127","Journal of Pharmacy and Pharmaceutical Research","https://www.imedpub.com/journal-pharmacy-and-pharmaceutical-research/","iMedPub","2021-01-31"
"128","Journal of Plant Sciences and Agricultural Research","https://www.imedpub.com/plant-sciences-and-agricultural-research/","iMedPub","2021-01-31"
"129","Journal of Prevention and Infection Control","https://infectioncontrol.imedpub.com/","iMedPub","2021-01-31"
"130","Journal of Preventive Medicine","https://preventive-medicine.imedpub.com/","iMedPub","2021-01-31"
"131","Journal of Psychology and Brain Studies","https://www.imedpub.com/psychology-and-brain-studies/","iMedPub","2021-01-31"
"132","Pediatric Emergency Care and Medicine: Open Access","https://pediatric-emergency-care.imedpub.com/","iMedPub","2021-01-31"
"133","Pediatric Infectious Diseases: Open Access","https://pediatric-infectious-disease.imedpub.com/","iMedPub","2021-01-31"
"134","Pediatrics & Health Research","https://www.imedpub.com/pediatrics-and-health-research/","iMedPub","2021-01-31"
"135","Periodontics and Prosthodontics","https://periodontics-prosthodontics.imedpub.com/","iMedPub","2021-01-31"
"136","Pharmaceutical Biotechnology: Current Research","https://www.imedpub.com/pharmaceutical-biotechnology-current-research/","iMedPub","2021-01-31"
"137","Polymer Sciences","https://polymerscience.imedpub.com/","iMedPub","2021-01-31"
"138","Prosthetics and Orthotics Open Journal","https://www.imedpub.com/prosthetics-and-orthotics-open-journal/","iMedPub","2021-01-31"
"139","Quality in Primary Care","https://primarycare.imedpub.com/","iMedPub","2021-01-31"
"140","Journal of Rare Disorders: Diagnosis & Therapy","https://raredisorders.imedpub.com/","iMedPub","2021-01-31"
"141","Journal of Renal Medicine","https://www.imedpub.com/renal-medicine/","iMedPub","2021-01-31"
"142","Journal of Reproductive Endocrinology & Infertility","https://reproductive-endocrinology-infertility.imedpub.com/","iMedPub","2021-01-31"
"143","Journal of Reproductive Health and Contraception","https://contraceptivestudies.imedpub.com/","iMedPub","2021-01-31"
"144","Reports in Endocrine Disorders: Open Access","https://www.imedpub.com/reports-in-endocrine-disorders-open-access/","iMedPub","2021-01-31"
"145","Reproductive Immunology: Open Access","https://reproductive-immunology.imedpub.com/","iMedPub","2021-01-31"
"146","Research Journal of Ear Nose and Throat","https://www.imedpub.com/research-journal-of-ear-nose-and-throat/","iMedPub","2021-01-31"
"147","Research Journal of Nervous System","https://www.imedpub.com/research-journal-of-nervous-system/","iMedPub","2021-01-31"
"148","Research Journal of Plant Pathology","https://www.imedpub.com/research-journal-of-plant-pathology/","iMedPub","2021-01-31"
"149","Journal of Scientific and Industrial Metrology","https://metrology.imedpub.com/","iMedPub","2021-01-31"
"150","Journal of Stem Cell Biology and Transplantation","https://www.imedpub.com/stem-cell-biology-and-transplantation/","iMedPub","2021-01-31"
"151","Journal of Surgery and Emergency Medicine","https://www.imedpub.com/surgery-and-emergency-medicine/","iMedPub","2021-01-31"
"152","Skin Diseases & Skin Care","https://skin-diseases-and-skin-care.imedpub.com/","iMedPub","2021-01-31"
"153","Spine Research","https://spine.imedpub.com/","iMedPub","2021-01-31"
"154","Stroke Research & Therapy","https://stroke.imedpub.com/","iMedPub","2021-01-31"
"155","Structural Chemistry & Crystallography Communication","https://structural-crystallography.imedpub.com/","iMedPub","2021-01-31"
"156","Synthesis and Catalysis: Open Access","https://www.imedpub.com/synthesis-and-catalysis-open-access/","iMedPub","2021-01-31"
"157","Journal of Transmitted Diseases and Immunity","https://www.imedpub.com/transmitted-diseases-and-immunity/","iMedPub","2021-01-31"
"158","Translational Biomedicine","https://www.transbiomedicine.com/","iMedPub","2021-01-31"
"159","Trauma & Acute Care","https://trauma-acute-care.imedpub.com/","iMedPub","2021-01-31"
"160","Trends in Green Chemistry","https://green-chemistry.imedpub.com/","iMedPub","2021-01-31"
"161","Journal of Universal Surgery","https://www.jusurgery.com/","iMedPub","2021-01-31"
"162","Journal of Vascular and Endovascular Therapy","https://vascular-endovascular-therapy.imedpub.com/","iMedPub","2021-01-31"
"163","Journal of Veterinary Medicine and Surgery","https://www.imedpub.com/veterinary-medicine-and-surgery/","iMedPub","2021-01-31"
"164","Journal of Waste Recycling","https://www.imedpub.com/resources-recycling-and-waste-management/","iMedPub","2021-01-31"
"165","Journal of Zoonotic Diseases and Public Health","https://www.imedpub.com/zoonotic-diseases-and-public-health/","iMedPub","2021-01-31"
